{
	"credit": "Made with Blockbench",
	"textures": {
		"0": "block/giant_brown_mushroom_32",
		"particle": "block/giant_brown_mushroom_32"
	},
	"elements": [
		{
			"from": [4.8, 0, 4],
			"to": [4.8, 32, 22.5],
			"rotation": {"angle": -45, "axis": "y", "origin": [12.8, 8, 14.5]},
			"faces": {
				"north": {"uv": [4, 0, 12, 16], "texture": "#0"},
				"east": {"uv": [4, 0, 12, 16], "texture": "#0"},
				"south": {"uv": [4, 0, 12, 16], "texture": "#0"},
				"west": {"uv": [4, 0, 12, 16], "texture": "#0"},
				"up": {"uv": [4, 0, 12, 16], "rotation": 270, "texture": "#0"},
				"down": {"uv": [4, 0, 12, 16], "rotation": 90, "texture": "#0"}
			}
		},
		{
			"from": [-4.4, 0, 13.2],
			"to": [14.1, 32, 13.2],
			"rotation": {"angle": -45, "axis": "y", "origin": [12.8, 8, 14.5]},
			"faces": {
				"north": {"uv": [4, 0, 12, 16], "texture": "#0"},
				"east": {"uv": [4, 0, 12, 16], "texture": "#0"},
				"south": {"uv": [4, 0, 12, 16], "texture": "#0"},
				"west": {"uv": [4, 0, 12, 16], "texture": "#0"},
				"up": {"uv": [4, 0, 12, 16], "rotation": 180, "texture": "#0"},
				"down": {"uv": [4, 0, 12, 16], "rotation": 180, "texture": "#0"}
			}
		}
	]
}