{
	"credit": "Made with Blockbench",
	"textures": {
		"0": "block/giant_crimson_fungus_32",
		"particle": "block/giant_crimson_fungus_32"
	},
	"elements": [
		{
			"from": [4.8, 0, 3],
			"to": [4.8, 32, 23.5],
			"rotation": {"angle": -45, "axis": "y", "origin": [12.8, 8, 14.5]},
			"faces": {
				"north": {"uv": [3.5, 0, 12.5, 16], "texture": "#0"},
				"east": {"uv": [3.5, 0, 12.5, 16], "texture": "#0"},
				"south": {"uv": [3.5, 0, 12.5, 16], "texture": "#0"},
				"west": {"uv": [3.5, 0, 12.5, 16], "texture": "#0"},
				"up": {"uv": [3.5, 0, 12.5, 16], "texture": "#0"},
				"down": {"uv": [3.5, 0, 12.5, 16], "texture": "#0"}
			}
		},
		{
			"from": [-5.4, 0, 13.2],
			"to": [15.1, 32, 13.2],
			"rotation": {"angle": -45, "axis": "y", "origin": [12.8, 8, 14.5]},
			"faces": {
				"north": {"uv": [3.5, 0, 12.5, 16], "texture": "#0"},
				"east": {"uv": [3.5, 0, 12.5, 16], "texture": "#0"},
				"south": {"uv": [3.5, 0, 12.5, 16], "texture": "#0"},
				"west": {"uv": [3.5, 0, 12.5, 16], "texture": "#0"},
				"up": {"uv": [3.5, 0, 12.5, 16], "texture": "#0"},
				"down": {"uv": [3.5, 0, 12.5, 16], "texture": "#0"}
			}
		}
	]
}