{ 
	"variants":{ 
		"":[ 
			{"model":"block/brown_mushroom/small_brown_mushroom","weight":15}, 
			{"model":"block/brown_mushroom/brown_mushroom_bundle","weight":6}, 
			{"model":"block/brown_mushroom/giant_brown_mushroom","weight":4},
			{"model":"block/brown_mushroom_1","weight":5},
			{"model":"block/brown_mushroom_2","weight":3},
			{"model":"block/brown_mushroom_3","weight":4},
			{"model":"block/brown_mushroom_4","weight":8},
			{"model":"block/brown_mushroom_5","weight":5},
			{"model":"block/brown_mushroom_6","weight":4}			
		] 
	} 
} 