{ 
	"variants":{ 
		"":[ 
			{"model":"block/crimson_fungus/small_crimson_fungus","weight":15}, 
			{"model":"block/crimson_fungus/crimson_fungus_bundle","weight":6}, 
			{"model":"block/crimson_fungus/giant_crimson_fungus","weight":4},
			{ "model": "block/crimson_fungus_1","weight":12},
			{ "model": "block/crimson_fungus_2","weight":10},
			{ "model": "block/crimson_fungus_3","weight":8},
			{ "model": "block/crimson_fungus_4","weight":7},
			{ "model": "block/crimson_fungus_5","weight":9}			
		] 
	} 
} 