{ 
	"variants":{ 
		"":[ 
			{"model":"block/red_mushroom/small_red_mushroom","weight":15},
			{"model":"block/red_mushroom/red_mushroom_bundle","weight":6}, 			
			{"model":"block/red_mushroom/giant_red_mushroom","weight":4},
			{ "model": "block/red_mushroom_1","weight":10},
			{ "model": "block/red_mushroom_2","weight":12},
			{ "model": "block/red_mushroom_3","weight":8},
			{ "model": "block/red_mushroom_4","weight":6},
			{ "model": "block/red_mushroom_5","weight":5},
			{ "model": "block/red_mushroom_6","weight":7}			
		] 
	} 
} 