{
	"credit": "Made with Blockbench",
	"parent": "minecraft:block/carpet",
	"textures": {
		"particle": "block/moss_block",
		"wool": "block/moss_block"
	},
	"elements": [
		{
			"from": [0, 0, 0],
			"to": [16, 1, 16],
			"faces": {
				"north": {"uv": [0, 15, 16, 16], "texture": "#wool"},
				"east": {"uv": [0, 15, 16, 16], "texture": "#wool"},
				"south": {"uv": [0, 15, 16, 16], "texture": "#wool"},
				"west": {"uv": [0, 15, 16, 16], "texture": "#wool"},
				"up": {"uv": [0, 0, 16, 16], "texture": "#wool"},
				"down": {"uv": [0, 0, 16, 16], "texture": "#wool"}
			}
		},
		{
			"from": [-0.025, -3, 16.025],
			"to": [1, 0, 16.025],
			"rotation": {"angle": 0, "axis": "y", "origin": [8, 7, 23.025]},
			"faces": {
				"north": {"uv": [15, 0, 16, 3], "texture": "#wool"},
				"east": {"uv": [0, 0, 0, 3], "texture": "#wool"},
				"south": {"uv": [0, 0, 1, 3], "texture": "#wool"},
				"west": {"uv": [0, 0, 0, 3], "texture": "#wool"},
				"up": {"uv": [0, 0, 1, 0], "texture": "#wool"},
				"down": {"uv": [0, 0, 1, 0], "texture": "#wool"}
			}
		},
		{
			"from": [15, -3, -0.025],
			"to": [16.025, 0, -0.025],
			"rotation": {"angle": 0, "axis": "y", "origin": [15, -4, 25.975]},
			"faces": {
				"north": {"uv": [0, 0, 1, 3], "texture": "#wool"},
				"east": {"uv": [0, 0, 0, 3], "texture": "#wool"},
				"south": {"uv": [15, 0, 16, 3], "texture": "#wool"},
				"west": {"uv": [0, 0, 0, 3], "texture": "#wool"},
				"up": {"uv": [0, 0, 1, 0], "rotation": 180, "texture": "#wool"},
				"down": {"uv": [0, 0, 1, 0], "rotation": 180, "texture": "#wool"}
			}
		},
		{
			"from": [16.025, -3, 15],
			"to": [16.025, 0, 16.025],
			"rotation": {"angle": 0, "axis": "y", "origin": [30.025, 7, -7]},
			"faces": {
				"north": {"uv": [0, 0, 0, 3], "texture": "#wool"},
				"east": {"uv": [0, 0, 1, 3], "texture": "#wool"},
				"south": {"uv": [0, 0, 0, 3], "texture": "#wool"},
				"west": {"uv": [15, 0, 16, 3], "texture": "#wool"},
				"up": {"uv": [0, 0, 1, 0], "rotation": 270, "texture": "#wool"},
				"down": {"uv": [0, 0, 1, 0], "rotation": 90, "texture": "#wool"}
			}
		},
		{
			"from": [-0.025, -3, -0.025],
			"to": [-0.025, 0, 1],
			"rotation": {"angle": 0, "axis": "y", "origin": [14.975, -4, 26]},
			"faces": {
				"north": {"uv": [0, 0, 0, 3], "texture": "#wool"},
				"east": {"uv": [15, 0, 16, 3], "texture": "#wool"},
				"south": {"uv": [0, 0, 0, 3], "texture": "#wool"},
				"west": {"uv": [0, 0, 1, 3], "texture": "#wool"},
				"up": {"uv": [0, 0, 1, 0], "rotation": 90, "texture": "#wool"},
				"down": {"uv": [0, 0, 1, 0], "rotation": 270, "texture": "#wool"}
			}
		},
		{
			"from": [6, -3, 16.025],
			"to": [7, 0, 16.025],
			"rotation": {"angle": 0, "axis": "y", "origin": [14, 7, 23.025]},
			"faces": {
				"north": {"uv": [9, 0, 10, 3], "texture": "#wool"},
				"east": {"uv": [0, 0, 0, 3], "texture": "#wool"},
				"south": {"uv": [6, 0, 7, 3], "texture": "#wool"},
				"west": {"uv": [0, 0, 0, 3], "texture": "#wool"},
				"up": {"uv": [0, 0, 1, 0], "texture": "#wool"},
				"down": {"uv": [0, 0, 1, 0], "texture": "#wool"}
			}
		},
		{
			"from": [9, -3, -0.025],
			"to": [10, 0, -0.025],
			"rotation": {"angle": 0, "axis": "y", "origin": [15, -4, 25.975]},
			"faces": {
				"north": {"uv": [6, 0, 7, 3], "texture": "#wool"},
				"east": {"uv": [0, 0, 0, 3], "texture": "#wool"},
				"south": {"uv": [9, 0, 10, 3], "texture": "#wool"},
				"west": {"uv": [0, 0, 0, 3], "texture": "#wool"},
				"up": {"uv": [0, 0, 1, 0], "rotation": 180, "texture": "#wool"},
				"down": {"uv": [0, 0, 1, 0], "rotation": 180, "texture": "#wool"}
			}
		},
		{
			"from": [16.025, -3, 9],
			"to": [16.025, 0, 10],
			"rotation": {"angle": 0, "axis": "y", "origin": [30.025, 7, -7]},
			"faces": {
				"north": {"uv": [0, 0, 0, 3], "texture": "#wool"},
				"east": {"uv": [6, 0, 7, 3], "texture": "#wool"},
				"south": {"uv": [0, 0, 0, 3], "texture": "#wool"},
				"west": {"uv": [9, 0, 10, 3], "texture": "#wool"},
				"up": {"uv": [0, 0, 1, 0], "rotation": 270, "texture": "#wool"},
				"down": {"uv": [0, 0, 1, 0], "rotation": 90, "texture": "#wool"}
			}
		},
		{
			"from": [-0.025, -3, 6],
			"to": [-0.025, 0, 7],
			"rotation": {"angle": 0, "axis": "y", "origin": [14.975, -4, 26]},
			"faces": {
				"north": {"uv": [0, 0, 0, 3], "texture": "#wool"},
				"east": {"uv": [9, 0, 10, 3], "texture": "#wool"},
				"south": {"uv": [0, 0, 0, 3], "texture": "#wool"},
				"west": {"uv": [6, 0, 7, 3], "texture": "#wool"},
				"up": {"uv": [0, 0, 1, 0], "rotation": 90, "texture": "#wool"},
				"down": {"uv": [0, 0, 1, 0], "rotation": 270, "texture": "#wool"}
			}
		},
		{
			"from": [9, -3, 16.025],
			"to": [10, 0, 16.025],
			"rotation": {"angle": 0, "axis": "y", "origin": [17, 7, 23.025]},
			"faces": {
				"north": {"uv": [6, 0, 7, 3], "texture": "#wool"},
				"east": {"uv": [0, 0, 0, 3], "texture": "#wool"},
				"south": {"uv": [9, 0, 10, 3], "texture": "#wool"},
				"west": {"uv": [0, 0, 0, 3], "texture": "#wool"},
				"up": {"uv": [0, 0, 1, 0], "texture": "#wool"},
				"down": {"uv": [0, 0, 1, 0], "texture": "#wool"}
			}
		},
		{
			"from": [6, -3, -0.025],
			"to": [7, 0, -0.025],
			"rotation": {"angle": 0, "axis": "y", "origin": [15, -4, 25.975]},
			"faces": {
				"north": {"uv": [9, 0, 10, 3], "texture": "#wool"},
				"east": {"uv": [0, 0, 0, 3], "texture": "#wool"},
				"south": {"uv": [6, 0, 7, 3], "texture": "#wool"},
				"west": {"uv": [0, 0, 0, 3], "texture": "#wool"},
				"up": {"uv": [0, 0, 1, 0], "rotation": 180, "texture": "#wool"},
				"down": {"uv": [0, 0, 1, 0], "rotation": 180, "texture": "#wool"}
			}
		},
		{
			"from": [16.025, -3, 6],
			"to": [16.025, 0, 7],
			"rotation": {"angle": 0, "axis": "y", "origin": [30.025, 7, -7]},
			"faces": {
				"north": {"uv": [0, 0, 0, 3], "texture": "#wool"},
				"east": {"uv": [9, 0, 10, 3], "texture": "#wool"},
				"south": {"uv": [0, 0, 0, 3], "texture": "#wool"},
				"west": {"uv": [6, 0, 7, 3], "texture": "#wool"},
				"up": {"uv": [0, 0, 1, 0], "rotation": 270, "texture": "#wool"},
				"down": {"uv": [0, 0, 1, 0], "rotation": 90, "texture": "#wool"}
			}
		},
		{
			"from": [-0.025, -3, 9],
			"to": [-0.025, 0, 10],
			"rotation": {"angle": 0, "axis": "y", "origin": [14.975, -4, 26]},
			"faces": {
				"north": {"uv": [0, 0, 0, 3], "texture": "#wool"},
				"east": {"uv": [6, 0, 7, 3], "texture": "#wool"},
				"south": {"uv": [0, 0, 0, 3], "texture": "#wool"},
				"west": {"uv": [9, 0, 10, 3], "texture": "#wool"},
				"up": {"uv": [0, 0, 1, 0], "rotation": 90, "texture": "#wool"},
				"down": {"uv": [0, 0, 1, 0], "rotation": 270, "texture": "#wool"}
			}
		},
		{
			"from": [11, -3, 16.025],
			"to": [12, 0, 16.025],
			"rotation": {"angle": 0, "axis": "y", "origin": [19, 7, 23.025]},
			"faces": {
				"north": {"uv": [4, 0, 5, 3], "texture": "#wool"},
				"east": {"uv": [0, 0, 0, 3], "texture": "#wool"},
				"south": {"uv": [11, 0, 12, 3], "texture": "#wool"},
				"west": {"uv": [0, 0, 0, 3], "texture": "#wool"},
				"up": {"uv": [0, 0, 1, 0], "texture": "#wool"},
				"down": {"uv": [0, 0, 1, 0], "texture": "#wool"}
			}
		},
		{
			"from": [4, -3, -0.025],
			"to": [5, 0, -0.025],
			"rotation": {"angle": 0, "axis": "y", "origin": [15, -4, 25.975]},
			"faces": {
				"north": {"uv": [11, 0, 12, 3], "texture": "#wool"},
				"east": {"uv": [0, 0, 0, 3], "texture": "#wool"},
				"south": {"uv": [4, 0, 5, 3], "texture": "#wool"},
				"west": {"uv": [0, 0, 0, 3], "texture": "#wool"},
				"up": {"uv": [0, 0, 1, 0], "rotation": 180, "texture": "#wool"},
				"down": {"uv": [0, 0, 1, 0], "rotation": 180, "texture": "#wool"}
			}
		},
		{
			"from": [16.025, -3, 4],
			"to": [16.025, 0, 5],
			"rotation": {"angle": 0, "axis": "y", "origin": [30.025, 7, -7]},
			"faces": {
				"north": {"uv": [0, 0, 0, 3], "texture": "#wool"},
				"east": {"uv": [11, 0, 12, 3], "texture": "#wool"},
				"south": {"uv": [0, 0, 0, 3], "texture": "#wool"},
				"west": {"uv": [4, 0, 5, 3], "texture": "#wool"},
				"up": {"uv": [0, 0, 1, 0], "rotation": 270, "texture": "#wool"},
				"down": {"uv": [0, 0, 1, 0], "rotation": 90, "texture": "#wool"}
			}
		},
		{
			"from": [-0.025, -3, 11],
			"to": [-0.025, 0, 12],
			"rotation": {"angle": 0, "axis": "y", "origin": [14.975, -4, 26]},
			"faces": {
				"north": {"uv": [0, 0, 0, 3], "texture": "#wool"},
				"east": {"uv": [4, 0, 5, 3], "texture": "#wool"},
				"south": {"uv": [0, 0, 0, 3], "texture": "#wool"},
				"west": {"uv": [11, 0, 12, 3], "texture": "#wool"},
				"up": {"uv": [0, 0, 1, 0], "rotation": 90, "texture": "#wool"},
				"down": {"uv": [0, 0, 1, 0], "rotation": 270, "texture": "#wool"}
			}
		},
		{
			"from": [4, -4, 16.025],
			"to": [5, 0, 16.025],
			"rotation": {"angle": 0, "axis": "y", "origin": [12, 7, 23.025]},
			"faces": {
				"north": {"uv": [11, 0, 12, 4], "texture": "#wool"},
				"east": {"uv": [0, 0, 0, 4], "texture": "#wool"},
				"south": {"uv": [4, 0, 5, 4], "texture": "#wool"},
				"west": {"uv": [0, 0, 0, 4], "texture": "#wool"},
				"up": {"uv": [0, 0, 1, 0], "texture": "#wool"},
				"down": {"uv": [0, 0, 1, 0], "texture": "#wool"}
			}
		},
		{
			"from": [11, -4, -0.025],
			"to": [12, 0, -0.025],
			"rotation": {"angle": 0, "axis": "y", "origin": [15, -4, 25.975]},
			"faces": {
				"north": {"uv": [4, 0, 5, 4], "texture": "#wool"},
				"east": {"uv": [0, 0, 0, 4], "texture": "#wool"},
				"south": {"uv": [11, 0, 12, 4], "texture": "#wool"},
				"west": {"uv": [0, 0, 0, 4], "texture": "#wool"},
				"up": {"uv": [0, 0, 1, 0], "rotation": 180, "texture": "#wool"},
				"down": {"uv": [0, 0, 1, 0], "rotation": 180, "texture": "#wool"}
			}
		},
		{
			"from": [16.025, -4, 11],
			"to": [16.025, 0, 12],
			"rotation": {"angle": 0, "axis": "y", "origin": [30.025, 7, -7]},
			"faces": {
				"north": {"uv": [0, 0, 0, 4], "texture": "#wool"},
				"east": {"uv": [4, 0, 5, 4], "texture": "#wool"},
				"south": {"uv": [0, 0, 0, 4], "texture": "#wool"},
				"west": {"uv": [11, 0, 12, 4], "texture": "#wool"},
				"up": {"uv": [0, 0, 1, 0], "rotation": 270, "texture": "#wool"},
				"down": {"uv": [0, 0, 1, 0], "rotation": 90, "texture": "#wool"}
			}
		},
		{
			"from": [-0.025, -4, 4],
			"to": [-0.025, 0, 5],
			"rotation": {"angle": 0, "axis": "y", "origin": [14.975, -4, 26]},
			"faces": {
				"north": {"uv": [0, 0, 0, 4], "texture": "#wool"},
				"east": {"uv": [11, 0, 12, 4], "texture": "#wool"},
				"south": {"uv": [0, 0, 0, 4], "texture": "#wool"},
				"west": {"uv": [4, 0, 5, 4], "texture": "#wool"},
				"up": {"uv": [0, 0, 1, 0], "rotation": 90, "texture": "#wool"},
				"down": {"uv": [0, 0, 1, 0], "rotation": 270, "texture": "#wool"}
			}
		},
		{
			"from": [8, -4, 16.025],
			"to": [9, 0, 16.025],
			"rotation": {"angle": 0, "axis": "y", "origin": [16, 7, 23.025]},
			"faces": {
				"north": {"uv": [7, 0, 8, 4], "texture": "#wool"},
				"east": {"uv": [0, 0, 0, 4], "texture": "#wool"},
				"south": {"uv": [8, 0, 9, 4], "texture": "#wool"},
				"west": {"uv": [0, 0, 0, 4], "texture": "#wool"},
				"up": {"uv": [0, 0, 1, 0], "texture": "#wool"},
				"down": {"uv": [0, 0, 1, 0], "texture": "#wool"}
			}
		},
		{
			"from": [7, -4, -0.025],
			"to": [8, 0, -0.025],
			"rotation": {"angle": 0, "axis": "y", "origin": [15, -4, 25.975]},
			"faces": {
				"north": {"uv": [8, 0, 9, 4], "texture": "#wool"},
				"east": {"uv": [0, 0, 0, 4], "texture": "#wool"},
				"south": {"uv": [7, 0, 8, 4], "texture": "#wool"},
				"west": {"uv": [0, 0, 0, 4], "texture": "#wool"},
				"up": {"uv": [0, 0, 1, 0], "rotation": 180, "texture": "#wool"},
				"down": {"uv": [0, 0, 1, 0], "rotation": 180, "texture": "#wool"}
			}
		},
		{
			"from": [16.025, -4, 7],
			"to": [16.025, 0, 8],
			"rotation": {"angle": 0, "axis": "y", "origin": [30.025, 7, -7]},
			"faces": {
				"north": {"uv": [0, 0, 0, 4], "texture": "#wool"},
				"east": {"uv": [8, 0, 9, 4], "texture": "#wool"},
				"south": {"uv": [0, 0, 0, 4], "texture": "#wool"},
				"west": {"uv": [7, 0, 8, 4], "texture": "#wool"},
				"up": {"uv": [0, 0, 1, 0], "rotation": 270, "texture": "#wool"},
				"down": {"uv": [0, 0, 1, 0], "rotation": 90, "texture": "#wool"}
			}
		},
		{
			"from": [-0.025, -4, 8],
			"to": [-0.025, 0, 9],
			"rotation": {"angle": 0, "axis": "y", "origin": [14.975, -4, 26]},
			"faces": {
				"north": {"uv": [0, 0, 0, 4], "texture": "#wool"},
				"east": {"uv": [7, 0, 8, 4], "texture": "#wool"},
				"south": {"uv": [0, 0, 0, 4], "texture": "#wool"},
				"west": {"uv": [8, 0, 9, 4], "texture": "#wool"},
				"up": {"uv": [0, 0, 1, 0], "rotation": 90, "texture": "#wool"},
				"down": {"uv": [0, 0, 1, 0], "rotation": 270, "texture": "#wool"}
			}
		},
		{
			"from": [10, -4, 16.025],
			"to": [11, 0, 16.025],
			"rotation": {"angle": 0, "axis": "y", "origin": [18, 7, 23.025]},
			"faces": {
				"north": {"uv": [5, 0, 6, 4], "texture": "#wool"},
				"east": {"uv": [0, 0, 0, 4], "texture": "#wool"},
				"south": {"uv": [10, 0, 11, 4], "texture": "#wool"},
				"west": {"uv": [0, 0, 0, 4], "texture": "#wool"},
				"up": {"uv": [0, 0, 1, 0], "texture": "#wool"},
				"down": {"uv": [0, 0, 1, 0], "texture": "#wool"}
			}
		},
		{
			"from": [5, -4, -0.025],
			"to": [6, 0, -0.025],
			"rotation": {"angle": 0, "axis": "y", "origin": [15, -4, 25.975]},
			"faces": {
				"north": {"uv": [10, 0, 11, 4], "texture": "#wool"},
				"east": {"uv": [0, 0, 0, 4], "texture": "#wool"},
				"south": {"uv": [5, 0, 6, 4], "texture": "#wool"},
				"west": {"uv": [0, 0, 0, 4], "texture": "#wool"},
				"up": {"uv": [0, 0, 1, 0], "rotation": 180, "texture": "#wool"},
				"down": {"uv": [0, 0, 1, 0], "rotation": 180, "texture": "#wool"}
			}
		},
		{
			"from": [16.025, -4, 5],
			"to": [16.025, 0, 6],
			"rotation": {"angle": 0, "axis": "y", "origin": [30.025, 7, -7]},
			"faces": {
				"north": {"uv": [0, 0, 0, 4], "texture": "#wool"},
				"east": {"uv": [10, 0, 11, 4], "texture": "#wool"},
				"south": {"uv": [0, 0, 0, 4], "texture": "#wool"},
				"west": {"uv": [5, 0, 6, 4], "texture": "#wool"},
				"up": {"uv": [0, 0, 1, 0], "rotation": 270, "texture": "#wool"},
				"down": {"uv": [0, 0, 1, 0], "rotation": 90, "texture": "#wool"}
			}
		},
		{
			"from": [-0.025, -4, 10],
			"to": [-0.025, 0, 11],
			"rotation": {"angle": 0, "axis": "y", "origin": [14.975, -4, 26]},
			"faces": {
				"north": {"uv": [0, 0, 0, 4], "texture": "#wool"},
				"east": {"uv": [5, 0, 6, 4], "texture": "#wool"},
				"south": {"uv": [0, 0, 0, 4], "texture": "#wool"},
				"west": {"uv": [10, 0, 11, 4], "texture": "#wool"},
				"up": {"uv": [0, 0, 1, 0], "rotation": 90, "texture": "#wool"},
				"down": {"uv": [0, 0, 1, 0], "rotation": 270, "texture": "#wool"}
			}
		},
		{
			"from": [5, -1, 16.025],
			"to": [6, 0, 16.025],
			"rotation": {"angle": 0, "axis": "y", "origin": [13, 7, 23.025]},
			"faces": {
				"north": {"uv": [10, 0, 11, 1], "texture": "#wool"},
				"east": {"uv": [0, 0, 0, 1], "texture": "#wool"},
				"south": {"uv": [5, 0, 6, 1], "texture": "#wool"},
				"west": {"uv": [0, 0, 0, 1], "texture": "#wool"},
				"up": {"uv": [0, 0, 1, 0], "texture": "#wool"},
				"down": {"uv": [0, 0, 1, 0], "texture": "#wool"}
			}
		},
		{
			"from": [10, -1, -0.025],
			"to": [11, 0, -0.025],
			"rotation": {"angle": 0, "axis": "y", "origin": [15, -4, 25.975]},
			"faces": {
				"north": {"uv": [5, 0, 6, 1], "texture": "#wool"},
				"east": {"uv": [0, 0, 0, 1], "texture": "#wool"},
				"south": {"uv": [10, 0, 11, 1], "texture": "#wool"},
				"west": {"uv": [0, 0, 0, 1], "texture": "#wool"},
				"up": {"uv": [0, 0, 1, 0], "rotation": 180, "texture": "#wool"},
				"down": {"uv": [0, 0, 1, 0], "rotation": 180, "texture": "#wool"}
			}
		},
		{
			"from": [16.025, -1, 10],
			"to": [16.025, 0, 11],
			"rotation": {"angle": 0, "axis": "y", "origin": [30.025, 7, -7]},
			"faces": {
				"north": {"uv": [0, 0, 0, 1], "texture": "#wool"},
				"east": {"uv": [5, 0, 6, 1], "texture": "#wool"},
				"south": {"uv": [0, 0, 0, 1], "texture": "#wool"},
				"west": {"uv": [10, 0, 11, 1], "texture": "#wool"},
				"up": {"uv": [0, 0, 1, 0], "rotation": 270, "texture": "#wool"},
				"down": {"uv": [0, 0, 1, 0], "rotation": 90, "texture": "#wool"}
			}
		},
		{
			"from": [-0.025, -1, 5],
			"to": [-0.025, 0, 6],
			"rotation": {"angle": 0, "axis": "y", "origin": [14.975, -4, 26]},
			"faces": {
				"north": {"uv": [0, 0, 0, 1], "texture": "#wool"},
				"east": {"uv": [10, 0, 11, 1], "texture": "#wool"},
				"south": {"uv": [0, 0, 0, 1], "texture": "#wool"},
				"west": {"uv": [5, 0, 6, 1], "texture": "#wool"},
				"up": {"uv": [0, 0, 1, 0], "rotation": 90, "texture": "#wool"},
				"down": {"uv": [0, 0, 1, 0], "rotation": 270, "texture": "#wool"}
			}
		},
		{
			"from": [1, -2, 16.025],
			"to": [2, 0, 16.025],
			"rotation": {"angle": 0, "axis": "y", "origin": [9, 7, 23.025]},
			"faces": {
				"north": {"uv": [14, 0, 15, 2], "texture": "#wool"},
				"east": {"uv": [0, 0, 0, 2], "texture": "#wool"},
				"south": {"uv": [1, 0, 2, 2], "texture": "#wool"},
				"west": {"uv": [0, 0, 0, 2], "texture": "#wool"},
				"up": {"uv": [0, 0, 1, 0], "texture": "#wool"},
				"down": {"uv": [0, 0, 1, 0], "texture": "#wool"}
			}
		},
		{
			"from": [14, -2, -0.025],
			"to": [15, 0, -0.025],
			"rotation": {"angle": 0, "axis": "y", "origin": [15, -4, 25.975]},
			"faces": {
				"north": {"uv": [1, 0, 2, 2], "texture": "#wool"},
				"east": {"uv": [0, 0, 0, 2], "texture": "#wool"},
				"south": {"uv": [14, 0, 15, 2], "texture": "#wool"},
				"west": {"uv": [0, 0, 0, 2], "texture": "#wool"},
				"up": {"uv": [0, 0, 1, 0], "rotation": 180, "texture": "#wool"},
				"down": {"uv": [0, 0, 1, 0], "rotation": 180, "texture": "#wool"}
			}
		},
		{
			"from": [16.025, -2, 14],
			"to": [16.025, 0, 15],
			"rotation": {"angle": 0, "axis": "y", "origin": [30.025, 7, -7]},
			"faces": {
				"north": {"uv": [0, 0, 0, 2], "texture": "#wool"},
				"east": {"uv": [1, 0, 2, 2], "texture": "#wool"},
				"south": {"uv": [0, 0, 0, 2], "texture": "#wool"},
				"west": {"uv": [14, 0, 15, 2], "texture": "#wool"},
				"up": {"uv": [0, 0, 1, 0], "rotation": 270, "texture": "#wool"},
				"down": {"uv": [0, 0, 1, 0], "rotation": 90, "texture": "#wool"}
			}
		},
		{
			"from": [-0.025, -2, 1],
			"to": [-0.025, 0, 2],
			"rotation": {"angle": 0, "axis": "y", "origin": [14.975, -4, 26]},
			"faces": {
				"north": {"uv": [0, 0, 0, 2], "texture": "#wool"},
				"east": {"uv": [14, 0, 15, 2], "texture": "#wool"},
				"south": {"uv": [0, 0, 0, 2], "texture": "#wool"},
				"west": {"uv": [1, 0, 2, 2], "texture": "#wool"},
				"up": {"uv": [0, 0, 1, 0], "rotation": 90, "texture": "#wool"},
				"down": {"uv": [0, 0, 1, 0], "rotation": 270, "texture": "#wool"}
			}
		},
		{
			"from": [12, -2, 16.025],
			"to": [13, 0, 16.025],
			"rotation": {"angle": 0, "axis": "y", "origin": [20, 7, 23.025]},
			"faces": {
				"north": {"uv": [3, 0, 4, 2], "texture": "#wool"},
				"east": {"uv": [0, 0, 0, 2], "texture": "#wool"},
				"south": {"uv": [12, 0, 13, 2], "texture": "#wool"},
				"west": {"uv": [0, 0, 0, 2], "texture": "#wool"},
				"up": {"uv": [0, 0, 1, 0], "texture": "#wool"},
				"down": {"uv": [0, 0, 1, 0], "texture": "#wool"}
			}
		},
		{
			"from": [3, -2, -0.025],
			"to": [4, 0, -0.025],
			"rotation": {"angle": 0, "axis": "y", "origin": [15, -4, 25.975]},
			"faces": {
				"north": {"uv": [12, 0, 13, 2], "texture": "#wool"},
				"east": {"uv": [0, 0, 0, 2], "texture": "#wool"},
				"south": {"uv": [3, 0, 4, 2], "texture": "#wool"},
				"west": {"uv": [0, 0, 0, 2], "texture": "#wool"},
				"up": {"uv": [0, 0, 1, 0], "rotation": 180, "texture": "#wool"},
				"down": {"uv": [0, 0, 1, 0], "rotation": 180, "texture": "#wool"}
			}
		},
		{
			"from": [16.025, -2, 3],
			"to": [16.025, 0, 4],
			"rotation": {"angle": 0, "axis": "y", "origin": [30.025, 7, -7]},
			"faces": {
				"north": {"uv": [0, 0, 0, 2], "texture": "#wool"},
				"east": {"uv": [12, 0, 13, 2], "texture": "#wool"},
				"south": {"uv": [0, 0, 0, 2], "texture": "#wool"},
				"west": {"uv": [3, 0, 4, 2], "texture": "#wool"},
				"up": {"uv": [0, 0, 1, 0], "rotation": 270, "texture": "#wool"},
				"down": {"uv": [0, 0, 1, 0], "rotation": 90, "texture": "#wool"}
			}
		},
		{
			"from": [-0.025, -2, 12],
			"to": [-0.025, 0, 13],
			"rotation": {"angle": 0, "axis": "y", "origin": [14.975, -4, 26]},
			"faces": {
				"north": {"uv": [0, 0, 0, 2], "texture": "#wool"},
				"east": {"uv": [3, 0, 4, 2], "texture": "#wool"},
				"south": {"uv": [0, 0, 0, 2], "texture": "#wool"},
				"west": {"uv": [12, 0, 13, 2], "texture": "#wool"},
				"up": {"uv": [0, 0, 1, 0], "rotation": 90, "texture": "#wool"},
				"down": {"uv": [0, 0, 1, 0], "rotation": 270, "texture": "#wool"}
			}
		},
		{
			"from": [15, -2, 16.025],
			"to": [16.025, 0, 16.025],
			"rotation": {"angle": 0, "axis": "y", "origin": [23, 7, 23.025]},
			"faces": {
				"north": {"uv": [0, 0, 1, 2], "texture": "#wool"},
				"east": {"uv": [0, 0, 0, 2], "texture": "#wool"},
				"south": {"uv": [15, 0, 16, 2], "texture": "#wool"},
				"west": {"uv": [0, 0, 0, 2], "texture": "#wool"},
				"up": {"uv": [0, 0, 1, 0], "texture": "#wool"},
				"down": {"uv": [0, 0, 1, 0], "texture": "#wool"}
			}
		},
		{
			"from": [-0.025, -2, -0.025],
			"to": [1, 0, -0.025],
			"rotation": {"angle": 0, "axis": "y", "origin": [15, -4, 25.975]},
			"faces": {
				"north": {"uv": [15, 0, 16, 2], "texture": "#wool"},
				"east": {"uv": [0, 0, 0, 2], "texture": "#wool"},
				"south": {"uv": [0, 0, 1, 2], "texture": "#wool"},
				"west": {"uv": [0, 0, 0, 2], "texture": "#wool"},
				"up": {"uv": [0, 0, 1, 0], "rotation": 180, "texture": "#wool"},
				"down": {"uv": [0, 0, 1, 0], "rotation": 180, "texture": "#wool"}
			}
		},
		{
			"from": [16.025, -2, -0.025],
			"to": [16.025, 0, 1],
			"rotation": {"angle": 0, "axis": "y", "origin": [30.025, 7, -7]},
			"faces": {
				"north": {"uv": [0, 0, 0, 2], "texture": "#wool"},
				"east": {"uv": [15, 0, 16, 2], "texture": "#wool"},
				"south": {"uv": [0, 0, 0, 2], "texture": "#wool"},
				"west": {"uv": [0, 0, 1, 2], "texture": "#wool"},
				"up": {"uv": [0, 0, 1, 0], "rotation": 270, "texture": "#wool"},
				"down": {"uv": [0, 0, 1, 0], "rotation": 90, "texture": "#wool"}
			}
		},
		{
			"from": [-0.025, -2, 15],
			"to": [-0.025, 0, 16.025],
			"rotation": {"angle": 0, "axis": "y", "origin": [14.975, -4, 26]},
			"faces": {
				"north": {"uv": [0, 0, 0, 2], "texture": "#wool"},
				"east": {"uv": [0, 0, 1, 2], "texture": "#wool"},
				"south": {"uv": [0, 0, 0, 2], "texture": "#wool"},
				"west": {"uv": [15, 0, 16, 2], "texture": "#wool"},
				"up": {"uv": [0, 0, 1, 0], "rotation": 90, "texture": "#wool"},
				"down": {"uv": [0, 0, 1, 0], "rotation": 270, "texture": "#wool"}
			}
		},
		{
			"from": [7, -2, 16.025],
			"to": [8, 0, 16.025],
			"rotation": {"angle": 0, "axis": "y", "origin": [15, 7, 23.025]},
			"faces": {
				"north": {"uv": [8, 0, 9, 2], "texture": "#wool"},
				"east": {"uv": [0, 0, 0, 2], "texture": "#wool"},
				"south": {"uv": [7, 0, 8, 2], "texture": "#wool"},
				"west": {"uv": [0, 0, 0, 2], "texture": "#wool"},
				"up": {"uv": [0, 0, 1, 0], "texture": "#wool"},
				"down": {"uv": [0, 0, 1, 0], "texture": "#wool"}
			}
		},
		{
			"from": [8, -2, -0.025],
			"to": [9, 0, -0.025],
			"rotation": {"angle": 0, "axis": "y", "origin": [15, -4, 25.975]},
			"faces": {
				"north": {"uv": [7, 0, 8, 2], "texture": "#wool"},
				"east": {"uv": [0, 0, 0, 2], "texture": "#wool"},
				"south": {"uv": [8, 0, 9, 2], "texture": "#wool"},
				"west": {"uv": [0, 0, 0, 2], "texture": "#wool"},
				"up": {"uv": [0, 0, 1, 0], "rotation": 180, "texture": "#wool"},
				"down": {"uv": [0, 0, 1, 0], "rotation": 180, "texture": "#wool"}
			}
		},
		{
			"from": [16.025, -2, 8],
			"to": [16.025, 0, 9],
			"rotation": {"angle": 0, "axis": "y", "origin": [30.025, 7, -7]},
			"faces": {
				"north": {"uv": [0, 0, 0, 2], "texture": "#wool"},
				"east": {"uv": [7, 0, 8, 2], "texture": "#wool"},
				"south": {"uv": [0, 0, 0, 2], "texture": "#wool"},
				"west": {"uv": [8, 0, 9, 2], "texture": "#wool"},
				"up": {"uv": [0, 0, 1, 0], "rotation": 270, "texture": "#wool"},
				"down": {"uv": [0, 0, 1, 0], "rotation": 90, "texture": "#wool"}
			}
		},
		{
			"from": [-0.025, -2, 7],
			"to": [-0.025, 0, 8],
			"rotation": {"angle": 0, "axis": "y", "origin": [14.975, -4, 26]},
			"faces": {
				"north": {"uv": [0, 0, 0, 2], "texture": "#wool"},
				"east": {"uv": [8, 0, 9, 2], "texture": "#wool"},
				"south": {"uv": [0, 0, 0, 2], "texture": "#wool"},
				"west": {"uv": [7, 0, 8, 2], "texture": "#wool"},
				"up": {"uv": [0, 0, 1, 0], "rotation": 90, "texture": "#wool"},
				"down": {"uv": [0, 0, 1, 0], "rotation": 270, "texture": "#wool"}
			}
		},
		{
			"from": [2, -3, 16.025],
			"to": [4, 0, 16.025],
			"rotation": {"angle": 0, "axis": "y", "origin": [10, 7, 23.025]},
			"faces": {
				"north": {"uv": [12, 0, 14, 3], "texture": "#wool"},
				"east": {"uv": [0, 0, 0, 3], "texture": "#wool"},
				"south": {"uv": [2, 0, 4, 3], "texture": "#wool"},
				"west": {"uv": [0, 0, 0, 3], "texture": "#wool"},
				"up": {"uv": [0, 0, 2, 0], "texture": "#wool"},
				"down": {"uv": [0, 0, 2, 0], "texture": "#wool"}
			}
		},
		{
			"from": [12, -3, -0.025],
			"to": [14, 0, -0.025],
			"rotation": {"angle": 0, "axis": "y", "origin": [15, -4, 25.975]},
			"faces": {
				"north": {"uv": [2, 0, 4, 3], "texture": "#wool"},
				"east": {"uv": [0, 0, 0, 3], "texture": "#wool"},
				"south": {"uv": [12, 0, 14, 3], "texture": "#wool"},
				"west": {"uv": [0, 0, 0, 3], "texture": "#wool"},
				"up": {"uv": [0, 0, 2, 0], "rotation": 180, "texture": "#wool"},
				"down": {"uv": [0, 0, 2, 0], "rotation": 180, "texture": "#wool"}
			}
		},
		{
			"from": [16.025, -3, 12],
			"to": [16.025, 0, 14],
			"rotation": {"angle": 0, "axis": "y", "origin": [30.025, 7, -7]},
			"faces": {
				"north": {"uv": [0, 0, 0, 3], "texture": "#wool"},
				"east": {"uv": [2, 0, 4, 3], "texture": "#wool"},
				"south": {"uv": [0, 0, 0, 3], "texture": "#wool"},
				"west": {"uv": [12, 0, 14, 3], "texture": "#wool"},
				"up": {"uv": [0, 0, 2, 0], "rotation": 270, "texture": "#wool"},
				"down": {"uv": [0, 0, 2, 0], "rotation": 90, "texture": "#wool"}
			}
		},
		{
			"from": [-0.025, -3, 2],
			"to": [-0.025, 0, 4],
			"rotation": {"angle": 0, "axis": "y", "origin": [14.975, -4, 26]},
			"faces": {
				"north": {"uv": [0, 0, 0, 3], "texture": "#wool"},
				"east": {"uv": [12, 0, 14, 3], "texture": "#wool"},
				"south": {"uv": [0, 0, 0, 3], "texture": "#wool"},
				"west": {"uv": [2, 0, 4, 3], "texture": "#wool"},
				"up": {"uv": [0, 0, 2, 0], "rotation": 90, "texture": "#wool"},
				"down": {"uv": [0, 0, 2, 0], "rotation": 270, "texture": "#wool"}
			}
		},
		{
			"from": [13, -3, 16.025],
			"to": [15, 0, 16.025],
			"rotation": {"angle": 0, "axis": "y", "origin": [21, 7, 23.025]},
			"faces": {
				"north": {"uv": [1, 0, 3, 3], "texture": "#wool"},
				"east": {"uv": [0, 0, 0, 3], "texture": "#wool"},
				"south": {"uv": [13, 0, 15, 3], "texture": "#wool"},
				"west": {"uv": [0, 0, 0, 3], "texture": "#wool"},
				"up": {"uv": [0, 0, 2, 0], "texture": "#wool"},
				"down": {"uv": [0, 0, 2, 0], "texture": "#wool"}
			}
		},
		{
			"from": [1, -3, -0.025],
			"to": [3, 0, -0.025],
			"rotation": {"angle": 0, "axis": "y", "origin": [15, -4, 25.975]},
			"faces": {
				"north": {"uv": [13, 0, 15, 3], "texture": "#wool"},
				"east": {"uv": [0, 0, 0, 3], "texture": "#wool"},
				"south": {"uv": [1, 0, 3, 3], "texture": "#wool"},
				"west": {"uv": [0, 0, 0, 3], "texture": "#wool"},
				"up": {"uv": [0, 0, 2, 0], "rotation": 180, "texture": "#wool"},
				"down": {"uv": [0, 0, 2, 0], "rotation": 180, "texture": "#wool"}
			}
		},
		{
			"from": [16.025, -3, 1],
			"to": [16.025, 0, 3],
			"rotation": {"angle": 0, "axis": "y", "origin": [30.025, 7, -7]},
			"faces": {
				"north": {"uv": [0, 0, 0, 3], "texture": "#wool"},
				"east": {"uv": [13, 0, 15, 3], "texture": "#wool"},
				"south": {"uv": [0, 0, 0, 3], "texture": "#wool"},
				"west": {"uv": [1, 0, 3, 3], "texture": "#wool"},
				"up": {"uv": [0, 0, 2, 0], "rotation": 270, "texture": "#wool"},
				"down": {"uv": [0, 0, 2, 0], "rotation": 90, "texture": "#wool"}
			}
		},
		{
			"from": [-0.025, -3, 13],
			"to": [-0.025, 0, 15],
			"rotation": {"angle": 0, "axis": "y", "origin": [14.975, -4, 26]},
			"faces": {
				"north": {"uv": [0, 0, 0, 3], "texture": "#wool"},
				"east": {"uv": [1, 0, 3, 3], "texture": "#wool"},
				"south": {"uv": [0, 0, 0, 3], "texture": "#wool"},
				"west": {"uv": [13, 0, 15, 3], "texture": "#wool"},
				"up": {"uv": [0, 0, 2, 0], "rotation": 90, "texture": "#wool"},
				"down": {"uv": [0, 0, 2, 0], "rotation": 270, "texture": "#wool"}
			}
		},
		{
			"from": [-0.025, 0, -0.025],
			"to": [16.025, 0, 16.025],
			"faces": {
				"north": {"uv": [0, 0, 16, 0], "texture": "#wool"},
				"east": {"uv": [0, 0, 16, 0], "texture": "#wool"},
				"south": {"uv": [0, 0, 16, 0], "texture": "#wool"},
				"west": {"uv": [0, 0, 16, 0], "texture": "#wool"},
				"up": {"uv": [0, 0, 16, 16], "texture": "#wool"},
				"down": {"uv": [0, 0, 16, 16], "texture": "#wool"}
			}
		}
	]
}