{ 
	"variants":{ 
		"":[ 
			{"model":"block/warped_fungus/small_warped_fungus","weight":15}, 
			{"model":"block/warped_fungus/warped_fungus_bundle","weight":6}, 
			{"model":"block/warped_fungus/giant_warped_fungus","weight":4},
			{ "model": "block/warped_fungus_1","weight":12},
			{ "model": "block/warped_fungus_2","weight":10},
			{ "model": "block/warped_fungus_3","weight":8},
			{ "model": "block/warped_fungus_4","weight":7},
			{ "model": "block/warped_fungus_5","weight":9}			
		] 
	} 
} 